lya;gps-punkt;position;altitud;datum;observation;distans;vinkel;obstyp;marktyp;antal högar;antal;kommentar;väder;spårsnö;;;;;;;;;;;
zz020;START020;6 979 244 373 084;1008 m;2018-04-18 08:35;START;;;;;;;;;;;;;;;;;;;;
zz020;F1;6 979 221 373 820;1086 m;2018-04-18 09:20;F;181;260;SE;B;;1;;vind, duggregn;korn;;;;;;;;;;;
zz020;RS1;6 979 219 373 852;1097 m;2018-04-18 09:31;RS;;;;B;1;7;;vind, duggregn;korn;;;;;;;;;;;
zz020;RS1;6 979 219 373 852;1097 m;2018-04-18 09:31;FV;101;10;;;;1;;vind, duggregn;korn;;;;;;;;;;;
zz020;RS2;6 979 219 373 939;1121 m;2018-04-18 09:40;RS;;;;;1;1;;vind, duggregn;korn;;;;;;;;;;;
zz020;L1;6 979 204 374 145;1156 m;2018-04-18 09:48;L;;;;;;;;vind, duggregn;korn;;;;;;;;;;;
zz020;RS3;6 979 208 374 147;1159 m;2018-04-18 09:59;RS;;;;B;1;15;gps = L1;vind, duggregn;korn;;;;;;;;;;;
zz020;L2;6 979 133 375 174;1034 m;2018-04-18 10:19;L;;;;;;;;vind, duggregn;korn;;;;;;;;;;;
zz020;F4;6 979 135 375 257;1022 m;2018-04-18 10:35;F;134;0;SE;BS;;;;vind, duggregn;korn;;;;;;;;;;;
zz020;RS4;6 979 160 375 810;966 m;2018-04-18 10:47;RS;;;;S;1;1;;vind, duggregn;korn;;;;;;;;;;;
zz020;L3;6 979 199 376 165;960 m;2018-04-18 10:55;L;;;;;;;;vind, duggregn;korn;;;;;;;;;;;
zz020;L4;6 979 540 377 111;962 m;2018-04-18 11:31;L;;;;;;;;vind, duggregn;korn;;;;;;;;;;;
zz020;L5;6 980 423 376 633;975 m;2018-04-18 12:26;L;;;;;;;;vind, duggregn;korn;;;;;;;;;;;
zz020;L5;6 980 423 376 633;975 m;2018-04-18 12:26;F;176;270;HSE;S;;2;;sol, vind;korn;;;;;;;;;;;
zz020;L5;6 980 423 376 633;975 m;2018-04-18 12:26;F;88;110;HSE;S;;1;;sol, vind;korn;;;;;;;;;;;
zz020;D1;6 980 678 376 496;967 m;2018-04-18 12:54;R;48;320;SE;BS;;2;skriven som D;sol, vind;korn;;;;;;;;;;;
zz020;L6;6 981 310 376 071;983 m;2018-04-18 13:17;L;;;;;;;;sol, vind;korn;;;;;;;;;;;
zz020;RS5;6 981 549 375 958;989 m;2018-04-18 13:36;RS;;;;B;1;3;;sol, vind;korn;;;;;;;;;;;
zz020;RS6;6 982 020 375 541;1017 m;2018-04-18 14:00;RS;;;;B;1;1;gammal?;sol, vind;korn;;;;;;;;;;;
zz020;L7;6 982 140 375 442;1043 m;2018-04-18 14:12;L;;;;;;;;sol, vind;korn;;;;;;;;;;;
zz020;RS7;6 982 167 375 427;1050 m;2018-04-18 14:28;RS;;;;S;1;25;;sol, vind;korn;;;;;;;;;;;
zz020;RS8;6 982 183 375 430;1054 m;2018-04-18 14:32;RS;;;;B;1;5;ljus;sol, vind;korn;;;;;;;;;;;
zz020;RS9;6 982 233 375 392;1068 m;2018-04-18 14:37;RS;;;;B;1;1;ljus;sol, vind;korn;;;;;;;;;;;
zz020;RS10;6 982 384 375 382;1069 m;2018-04-18 14:44;RS;;;;BS;1;20;;sol, vind;korn;;;;;;;;;;;
zz020;L8;6 983 066 374 961;971 m;2018-04-18 15:02;L;;;;;;;;sol, vind;korn;;;;;;;;;;;
zz020;D2;6 982 996 374 822;983 m;2018-04-18 15:24;R;28;65;SE;;;1;;sol, vind;korn;;;;;;;;;;;
zz020;RS11;6 982 835 374 583;1008 m;2018-04-18 15:35;RS;;;;;1;12;;sol, vind;korn;;;;;;;;;;;
zz020;NYRIKT;6 982 817 374 546;1010 m;2018-04-18 15:39;NYRIKT;;;;;;;;sol, vind;korn;;;;;;;;;;;
zz020;L9;6 982 369 374 112;1063 m;2018-04-18 15:57;L;;;;;;;;sol, vind;korn;;;;;;;;;;;
zz020;L10;6 981 493 373 596;1009 m;2018-04-18 16:32;L;;;;;;;;regn, vind;korn;;;;;;;;;;;
zz020;RS12;6 981 426 373 570;1008 m;2018-04-18 17:00;RS;;;;;1;1;;regn, vind;korn;;;;;;;;;;;
zz020;RS13;6 980 854 373 201;1008 m;2018-04-18 18:19;RS;;;;;;;;regn, vind;korn;;;;;;;;;;;
zz020;L11;6 980 651 373 053;1013 m;2018-04-18 18:27;L;;;;;;;;vind;korn;;;;;;;;;;;
zz104;STARTZZ104;6 978 155 373 957;1058 m;2018-04-19 07:36;START;;;;;;;;sol, växlande molnighet;korn;;;;;;;;;;;
zz104;STARTZZ104;6 978 155 373 957;1058 m;2018-04-19 07:36;F;122;350;H;;;;;sol, växlande molnighet;korn;;;;;;;;;;;
zz104;STARTZZ104;6 978 155 373 957;1058 m;2018-04-19 07:36;F;98;145;H;;;;;sol, växlande molnighet;korn;;;;;;;;;;;
zz104;RS1;6 978 097 374 098;1060 m;2018-04-19 07:54;RS;1,5;270;;S;1;22;;sol, växlande molnighet;korn;;;;;;;;;;;
zz104;RS2;6 978 074 374 126;1060 m;2018-04-19 08:00;RS;;;;B;1;6;ljus, ovanpå ris;sol, växlande molnighet;korn;;;;;;;;;;;
zz104;F1;6 977 953 374 382;1050 m;2018-04-19 08:13;F;42;82;HSE;B;;2;;sol, växlande molnighet;korn;;;;;;;;;;;
zz104;F2;6 977 876 374 550;1039 m;2018-04-19 08:16;F;160;323;SE;;;2;;sol, växlande molnighet;korn;;;;;;;;;;;
zz104;F2;6 977 876 374 550;1039 m;2018-04-19 08:16;F;178;261;H;;;1;;sol, växlande molnighet;korn;;;;;;;;;;;
zz104;RS3;6 977 693 374 981;1041 m;2018-04-19 08:37;RS;1;90;;S;1;40;;sol, växlande molnighet;korn;;;;;;;;;;;
zz104;RS3;6 977 693 374 981;1041 m;2018-04-19 08:37;F;187;289;H;;;1;;sol, växlande molnighet;korn;;;;;;;;;;;
zz104;RS4;6 977 077 376 103;1021 m;2018-04-19 09:05;RS;0,9;270;;S;1;19;;sol, växlande molnighet;korn;;;;;;;;;;;
zz104;RS4;6 977 077 376 103;1021 m;2018-04-19 09:05;F;211;158;H;;;1;;dimma;korn;;;;;;;;;;;
zz104;F3;6 976 877 377 029;985 m;2018-04-19 11:11;F;71;33;HSE;B;;1;;sol, växlande molnighet;korn;;;;;;;;;;;
zz104;F3;6 976 877 377 029;985 m;2018-04-19 11:11;F;132;98;H;;;1;;sol, växlande molnighet;korn;;;;;;;;;;;
zz104;F4;6 976 879 377 031;985 m;2018-04-19 11:11;F;49;336;SE;BS;;2;;sol, växlande molnighet;korn;;;;;;;;;;;
zz104;F4;6 976 879 377 031;985 m;2018-04-19 11:11;RS;;;;S;1;13;;sol, växlande molnighet;korn;;;;;;;;;;;
zz104;SP1;6 976 838 377 193;976 m;2018-04-19 11:17;SP;;;;S;;;;sol, växlande molnighet;korn;;;;;;;;;;;
zz104;RS5;6 976 832 377 288;969 m;2018-04-19 11:21;RS;;;;S;1;35;;sol, växlande molnighet;korn;;;;;;;;;;;
zz104;CORNER1;6 976 680 377 753;949 m;2018-04-19 11:30;CORNER;;;;;;;;sol, växlande molnighet;korn;;;;;;;;;;;
zz104;CORNER1;6 976 680 377 753;949 m;2018-04-19 11:30;RS;;;;B;1;1;ljus;lätt vind;korn;;;;;;;;;;;
zz104;RS6;6 976 303 377 169;971 m;2018-04-19 12:27;RS;;;;B;1;10;ljus, kändes färsk (blöt);lätt vind;korn;;;;;;;;;;;
zz104;D1;6 976 184 376 998;974 m;2018-04-19 12:38;D;34;22;HSE;BS;;2;;lätt vind;korn;;;;;;;;;;;
zz104;RS7;6 976 107 376 883;978 m;2018-04-19 12:43;RS;0,2;270;;B;4;16;;lätt vind;korn;;;;;;;;;;;
zz104;RS8;6 975 945 376 639;1002 m;2018-04-19 12:54;RS;0,3;270;;B;1;9;ljus, torr;lätt vind;korn;;;;;;;;;;;
zz104;RS9;6 975 925 376 567;999 m;2018-04-19 13:01;RS;3,18;90;;S;1;28;nedsjunken, mörk;lätt vind;korn;;;;;;;;;;;
zz104;RS10;6 975 910 376 551;1002 m;2018-04-19 13:04;RS;;;;S;2;25;nedsjunken, mörk;lätt vind;korn;;;;;;;;;;;
zz104;SP2;6 975 661 376 193;1016 m;2018-04-19 13:13;SP;;;;BS;;6;flera spår korsar linjen;lätt vind;korn;;;;;;;;;;;
zz104;RS11;6 975 575 376 074;1015 m;2018-04-19 13:18;RS;;;;BS;1;1;ljus;lätt vind;korn;;;;;;;;;;;
zz104;SP3;6 975 314 375 760;1014 m;2018-04-19 13:26;SP;;;;BS;;1;;lätt vind;korn;;;;;;;;;;;
zz104;SP4;6 975 286 375 710;1013 m;2018-04-19 13:29;SP;;;;BS;;2;Ena spåret 4,35 m 270 grader;lätt vind;korn;;;;;;;;;;;
zz104;RS12;6 975 210 375 624;1010 m;2018-04-19 13:34;RS;;;;B;1;16;mörk tjock, stora fibrer;lätt vind;korn;;;;;;;;;;;
zz104;SP5;6 975 047 375 449;998 m;2018-04-19 13:40;SP;;;;;;1;;lätt vind;korn;;;;;;;;;;;
zz104;SP6;6 974 934 375 337;991 m;2018-04-19 13:45;SP;;;;;;1;;lätt vind;korn;;;;;;;;;;;
zz104;SP7;6 974 639 375 016;967 m;2018-04-19 13:53;SP;;;;;;2;;lätt vind;korn;;;;;;;;;;;
zz104;CORNER2;6 974 207 374 604;934 m;2018-04-19 14:10;CORNER;;;;;;;;lätt vind;korn;;;;;;;;;;;
zz104;RS13;6 974 563 374 450;955 m;2018-04-19 14:25;RS;;;;;1;1;ljus;lätt vind;korn;;;;;;;;;;;
zz104;SNP;6 976 910 374 023;1083 m;2018-04-19 15:21;SNP;35;98;;;;25;;lätt vind;korn;;;;;;;;;;;
zz104;RS14;6 977 787 373 975;1069 m;2018-04-19 15:41;RS;;;;;6;8;ljus;lätt vind;korn;;;;;;;;;;;
zz104;RS15;6 977 792 373 977;1075 m;2018-04-19 15:44;RS;;;;;4;10;ljus;lätt vind;korn;;;;;;;;;;;
zz042;RS1;6 973 536 372 538;953 m;2018-04-20 06:18;RS;3,25;270;;B;1;12;;halvklart, vind 1-5 m/s, varmt, antagligen blåsigt under natten;korn;;;;;;;;;;;
zz042;STARTZZ042;6 973 557 372 594;955 m;2018-04-20 06:19;START;;;;;;;;halvklart, vind 1-5 m/s, varmt, antagligen blåsigt under natten;korn;;;;;;;;;;;
zz042;D1;6 973 509 372 396;954 m;2018-04-20 06:30;D;39;24;HSE;BS;;2;;halvklart, vind 1-5 m/s, varmt, antagligen blåsigt under natten;korn;;;;;;;;;;;
zz042;D1;6 973 509 372 396;954 m;2018-04-20 06:30;F;98;137;H;;;1;;halvklart, vind 1-5 m/s, varmt, antagligen blåsigt under natten;korn;;;;;;;;;;;
zz042;SP1;6 973 499 372 356;956 m;2018-04-20 06:35;SP;;;;;;1;nära D1;halvklart, vind 1-5 m/s, varmt, antagligen blåsigt under natten;korn;;;;;;;;;;;
zz042;RS2;6 973 402 371 907;1012 m;2018-04-20 06:48;RS;;;;S;2;25;;halvklart, vind 1-5 m/s, varmt, antagligen blåsigt under natten;korn;;;;;;;;;;;
zz042;RS3;6 973 219 371 484;1021 m;2018-04-20 07:04;RS;;;;B;1;24;;halvklart, vind 1-5 m/s, varmt, antagligen blåsigt under natten;korn;;;;;;;;;;;
zz042;F1;6 973 128 371 324;1002 m;2018-04-20 07:11;F;80;276;SE;B;;1;;halvklart, vind 1-5 m/s, varmt, antagligen blåsigt under natten;korn;;;;;;;;;;;
zz042;RS4;6 973 102 371 121;997 m;2018-04-20 07:18;RS;;;;S;1;33;mörka, stora fibrer;halvklart, vind 1-5 m/s, varmt, antagligen blåsigt under natten;korn;;;;;;;;;;;
zz042;RS5;6 972 964 370 722;956 m;2018-04-20 07:30;RS;;;;B;1;1;ljus;halvklart, vind 1-5 m/s, varmt, antagligen blåsigt under natten;korn;;;;;;;;;;;
zz042;D2;6 972 601 369 752;933 m;2018-04-20 07:52;D;4;0;SE;BS;;1;;vindstilla;korn;;;;;;;;;;;
zz042;D2;6 972 601 369 752;933 m;2018-04-20 07:52;F;86;283;H;;;1;;vindstilla;korn;;;;;;;;;;;
zz042;RS6;6 972 525 369 538;931 m;2018-04-20 08:08;RS;;;;S;1;2;;vindstilla;korn;;;;;;;;;;;
zz042;F2;6 972 436 369 270;925 m;2018-04-20 08:15;F;117;82;HSE;BS;;1;;vindstilla;korn;;;;;;;;;;;
zz042;F2;6 972 436 369 270;925 m;2018-04-20 08:15;F;112;288;H;;;1;;vindstilla;korn;;;;;;;;;;;
zz042;F3;6 972 374 369 057;922 m;2018-04-20 08:26;F;18;268;HSE;BS;;1;;vindstilla;korn;;;;;;;;;;;
zz042;RS7;6 972 336 368 970;918 m;2018-04-20 08:32;RS;0,76;90;;S;1;35;;vindstilla;korn;;;;;;;;;;;
zz042;JVSP;6 972 331 368 960;917 m;2018-04-20 08:37;JVSP;;;;;;;;vindstilla;korn;;;;;;;;;;;
zz042;RS8;6 972 281 368 808;916 m;2018-04-20 08:47;RS;3,12;90;;S;1;27;;vindstilla;korn;;;;;;;;;;;
zz042;CORNER1;6 972 275 368 795;917 m;2018-04-20 08:49;CORNER;;;;;;;;vindstilla;korn;;;;;;;;;;;
zz042;R1;6 972 032 369 034;931 m;2018-04-20 09:17;R;57;282;SE;B;;1;;vindstilla;korn;;;;;;;;;;;
zz042;F4;6 971 534 369 583;989 m;2018-04-20 09:45;F;111;266;SE;B;;1;;vindstilla;korn;;;;;;;;;;;
zz042;RS9;6 970 939 370 038;993 m;2018-04-20 10:08;RS;2,08;90;;B;1;8;ljus, torr;vindstilla;korn;;;;;;;;;;;
zz042;R2;6 970 604 370 513;1000 m;2018-04-20 10:28;R;80;282;SE;B;;1;;vindstilla;korn;;;;;;;;;;;
zz042;R2;6 970 604 370 513;1000 m;2018-04-20 10:28;F;131;328;HSE;B;;1;;vindstilla;korn;;;;;;;;;;;
zz042;RS10;6 970 450 370 653;1014 m;2018-04-20 10:39;RS;;;;B;1;17;några ljusa korvar och en färsk lös hög;vindstilla;korn;;;;;;;;;;;
zz042;SP2;6 970 391 370 755;1014 m;2018-04-20 10:49;SP;;;;;;;antagligen sätt fåglarna innan;vindstilla;korn;;;;;;;;;;;
zz042;RS11;6 970 314 370 878;1008 m;2018-04-20 10:55;RS;5,42;270;;S;1;32;mörka i snö;vindstilla;korn;;;;;;;;;;;
zz042;RS12;6 970 278 370 912;1010 m;2018-04-20 10:58;RS;0,41;270;;S;1;23;mörka, stora fibrer;sol, varmt;korn;;;;;;;;;;;
zz042;RS13;6 969 850 371 828;965 m;2018-04-20 11:24;RS;5,22;270;;S;3;37;;sol, varmt;korn;;;;;;;;;;;
zz042;RS13;6 969 850 371 828;965 m;2018-04-20 11:24;F;153;334;H;;;1;;sol, varmt;korn;;;;;;;;;;;
zz042;RS14;6 969 835 371 836;965 m;2018-04-20 11:29;RS;4,42;90;;S;3;20;;sol, varmt;korn;;;;;;;;;;;
zz042;RS15;6 969 819 371 851;966 m;2018-04-20 11:31;RS;0,56;90;;S;2;12;;sol, varmt;korn;;;;;;;;;;;
zz042;RS16;6 969 811 371 834;965 m;2018-04-20 11:33;RS;17,55;90;;S;3;38;;sol, varmt;korn;;;;;;;;;;;
zz042;CORNER2;6 969 791 371 950;968 m;2018-04-20 11:39;CORNER;;;;;;;;sol, varmt;korn;;;;;;;;;;;
zz042;F5;6 969 916 371 968;968 m;2018-04-20 12:24;F;140;72;HSE;B;;1;Hona? Lät pjäu pjäu;sol, varmt;korn;;;;;;;;;;;
zz042;F5;6 969 916 371 968;968 m;2018-04-20 12:24;F;34;288;HSE;BS;;1;Hona? Lät pjäu pjäu eller ää ää;sol, varmt;korn;;;;;;;;;;;
zz042;RS16;6 970 082 371 930;975 m;2018-04-20 12:36;RS;1,45;270;;S;3;1;mycket löst, oformligt;sol, varmt;korn;;;;;;;;;;;
zz042;R3;6 970 394 371 838;964 m;2018-04-20 12:44;F;130;22;HSE;S;;2;fanns ej i gps:en. La till i efterhand;sol, varmt;korn;;;;;;;;;;;
zz042;R3;6 970 394 371 838;964 m;2018-04-20 12:44;F;98;102;HSE;B;;1;fanns ej i gps:en. La till i efterhand;sol, varmt;korn;;;;;;;;;;;
zz042;NYRIKT;6 970 642 371 775;980 m;2018-04-20 12:53;NYRIKT;;;;;;;;sol, varmt;korn;;;;;;;;;;;
zz042;RS17;6 970 640 371 775;980 m;2018-04-20 12:54;RS;0,53;270;;S;1;26;;sol, varmt;korn;;;;;;;;;;;
zz042;RS18;6 970 764 371 804;991 m;2018-04-20 13:00;RS;0,22;270;;BS;1;;cecum;sol, varmt;korn;;;;;;;;;;;
zz042;RS19;6 970 791 371 813;988 m;2018-04-20 13:02;RS;1,47;270;;S;1;;cecum;sol, varmt;korn;;;;;;;;;;;
zz042;RS19;6 970 791 371 813;988 m;2018-04-20 13:02;F;118;212;H;;;1;;sol, varmt;korn;;;;;;;;;;;
zz042;RS19;6 971 145 371 962;957 m;2018-04-20 13:10;RS;;;;S;1;12;;sol, varmt;korn;;;;;;;;;;;
zz042;RS20;6 971 661 372 156;961 m;2018-04-20 13:21;RS;0,15;270;;BS;1;2;;sol, varmt;korn;;;;;;;;;;;
zz042;R4;6 972 171 372 279;966 m;2018-04-20 15:29;R;31;42;SE;B;;1;;sol, varmt;korn;;;;;;;;;;;
zz042;R4;6 972 171 372 279;966 m;2018-04-20 15:29;F;122;47;H;;;1;;sol, varmt;korn;;;;;;;;;;;
zz042;F6;6 972 288 372 320;974 m;2018-04-20 15:33;F;31;358;SE;BS;;1;;sol, varmt;korn;;;;;;;;;;;
zz042;F7;6 972 769 372 463;978 m;2018-04-20 15:48;F;39;342;HSE;B;;1;;sol, varmt;korn;;;;;;;;;;;
zz042;F8;6 973 526 372 602;952 m;2018-04-20 16:03;F;168;161;H;;;1;;sol, varmt;korn;;;;;;;;;;;
zz033;STARTZZ033;6 987 664 372 345;988 m;2018-04-22 12:03;START;;;;;;;;sol, vindstilla;lätt drevsnö från stormen igår;;;;;;;;;;;
zz033;SP1;6 988 488 373 470;1001 m;2018-04-22 12:40;SP;;;;BS;;1;;sol, vindstilla;lätt drevsnö från stormen igår;;;;;;;;;;;
zz033;SP2;6 988 559 373 572;1012 m;2018-04-22 12:47;SP;;;;S;;2;rätt otydliga men snirklar sig;sol, vindstilla;lätt drevsnö från stormen igår;;;;;;;;;;;
zz033;F1;6 988 978 374 272;1113 m;2018-04-22 13:15;F;38;62;SE;B;;2;;sol, vindstilla;lätt drevsnö från stormen igår;;;;;;;;;;;
zz033;R1;6 989 908 375 198;966 m;2018-04-22 13:53;R;96;38;SE;B;;1;;sol, vindstilla;lätt drevsnö från stormen igår;;;;;;;;;;;
zz033;SP3;6 990 153 375 340;936 m;2018-04-22 14:21;SP;;;;;;2;går ej se om det är samma ind.;sol, vindstilla;lätt drevsnö från stormen igår;;;;;;;;;;;
zz033;RS1;6 990 170 375 364;937 m;2018-04-22 14:27;RS;21;270;;S;1;5;färska korvar;sol, vindstilla;lätt drevsnö från stormen igår;;;;;;;;;;;
zz033;RS1;6 990 170 375 364;937 m;2018-04-22 14:27;SP;21;270;;S;;5;färska korvar;sol, vindstilla;lätt drevsnö från stormen igår;;;;;;;;;;;
zz033;SP4;6 990 191 375 385;937 m;2018-04-22 14:29;SP;;;;;;2;svårt att se men stegen är ihoplänkade;sol, vindstilla;lätt drevsnö från stormen igår;;;;;;;;;;;
zz033;CORNER1;6 990 210 375 427;939 m;2018-04-22 14:32;CORNER;;;;;;;;sol, vindstilla;lätt drevsnö från stormen igår;;;;;;;;;;;
zz033;RS2;6 990 230 375 384;940 m;2018-04-22 14:36;RS;0,33;90;;;1;3;stora fibrer, färska korvar;sol, vindstilla;lätt drevsnö från stormen igår;;;;;;;;;;;
zz033;RS2;6 990 230 375 384;940 m;2018-04-22 14:36;SP;;;;;;2;;sol, vindstilla;lätt drevsnö från stormen igår;;;;;;;;;;;
zz033;SP5;6 990 289 375 215;935 m;2018-04-22 14:42;SP;;;;;;1;;sol, vindstilla;lätt drevsnö från stormen igår;;;;;;;;;;;
zz033;RS3;6 990 628 374 577;971 m;2018-04-22 15:08;RS;;;;B;1;2;ljusa men ser färska ut;sol, vindstilla;lätt drevsnö från stormen igår;;;;;;;;;;;
zz033;RS4;6 990 629 374 568;970 m;2018-04-22 15:12;RS;;;;;1;2;ljusmörka ser färska ut;sol, vindstilla;lätt drevsnö från stormen igår;;;;;;;;;;;
zz033;RS5;6 990 677 374 405;983 m;2018-04-22 15:19;RS;;;;;1;3;ljusa;0-gradigt, lätt vind;lätt drevsnö från stormen igår;;;;;;;;;;;
zz033;RS6;6 990 844 373 780;1006 m;2018-04-22 15:45;RS;;;;;1;3;ljusa;0-gradigt, lätt vind;lätt drevsnö från stormen igår;;;;;;;;;;;
zz033;RS7;6 990 844 373 768;1006 m;2018-04-22 15:48;RS;;;;;1;5;ljusbruna, färska;0-gradigt, lätt vind;lätt drevsnö från stormen igår;;;;;;;;;;;
zz033;SP6;6 991 443 371 820;1042 m;2018-04-22 16:25;SP;;;;;;2;;0-gradigt, lätt vind;lätt drevsnö från stormen igår;;;;;;;;;;;
zz033;RS8;6 991 494 371 660;1043 m;2018-04-22 16:34;RS;1,47;90;;;1;1;ljusbruna, färska;0-gradigt, lätt vind;lätt drevsnö från stormen igår;;;;;;;;;;;
zz033;CORNER2;6 991 515 371 569;1040 m;2018-04-22 16:38;CORNER;;;;;;;;0-gradigt, lätt vind;lätt drevsnö från stormen igår;;;;;;;;;;;
zz033;RS9;6 990 805 371 562;1106 m;2018-04-22 17:04;RS;3,24;270;;;1;1;ljusbrun, torr;0-gradigt, lätt vind;lätt drevsnö från stormen igår;;;;;;;;;;;
zz062;STARTZZ062;6 986 351 371 839;935 m;2018-04-24 07:55;START;;;;;;;;;;;;;;;;;;;;
zz062;STARTZZ062;6 986 351 371 839;935 m;2018-04-24 07:55;F;89;276;H;;;1;;0-gradigt, mulet, lite vind;skare till bristande skare, lite nysnö som samlats här och där;;;;;;;;;;;
zz062;STARTZZ062;6 986 351 371 839;935 m;2018-04-24 07:55;F;154;169;H;;;1;;0-gradigt, mulet, lite vind;skare till bristande skare, lite nysnö som samlats här och där;;;;;;;;;;;
zz062;RS1;6 986 386 371 687;947 m;2018-04-24 08:06;RS;1,47;270;;B;1;8;spridda, några färska;0-gradigt, mulet, lite vind;skare till bristande skare, lite nysnö som samlats här och där;;;;;;;;;;;
zz062;RS1;6 986 386 371 687;947 m;2018-04-24 08:06;F;171;238;H;;;1;;0-gradigt, mulet, lite vind;skare till bristande skare, lite nysnö som samlats här och där;;;;;;;;;;;
zz062;SP1;6 987 014 369 871;985 m;2018-04-24 08:51;SP;2,21;270;;BS;;5;rävspår mellan RS1 och SP1;0-gradigt, mulet, lite vind;skare till bristande skare, lite nysnö som samlats här och där;;;;;;;;;;;
zz062;SP2;6 987 020 369 854;986 m;2018-04-24 08:53;SP;;;;BS;;1;;0-gradigt, mulet, lite vind;skare till bristande skare, lite nysnö som samlats här och där;;;;;;;;;;;
zz062;RS2;6 987 269 369 101;990 m;2018-04-24 09:14;RS;0,22;270;;B;1;2;;0-gradigt, mulet, lite vind;skare till bristande skare, lite nysnö som samlats här och där;;;;;;;;;;;
zz062;RS3;6 987 410 368 637;988 m;2018-04-24 09:26;RS;0,12;270;;B;1;1;En lös hög/korv;0-gradigt, mulet, lite vind;skare till bristande skare, lite nysnö som samlats här och där;;;;;;;;;;;
zz062;RS3;6 987 410 368 637;988 m;2018-04-24 09:26;F;164;265;H;;;1;;0-gradigt, mulet, lite vind;skare till bristande skare, lite nysnö som samlats här och där;;;;;;;;;;;
zz062;RS3;6 987 410 368 637;988 m;2018-04-24 09:26;F;64;115;H;;;1;;0-gradigt, mulet, lite vind;skare till bristande skare, lite nysnö som samlats här och där;;;;;;;;;;;
zz062;RS4;6 987 421 368 599;989 m;2018-04-24 09:31;RS;;;;B;1;2;bruna stora fibrer;0-gradigt, mulet, lite vind;skare till bristande skare, lite nysnö som samlats här och där;;;;;;;;;;;
zz062;RS5;6 987 429 368 563;986 m;2018-04-24 09:33;RS;0,48;90;;B;1;14;bruna stora fibrer;0-gradigt, mulet, lite vind;skare till bristande skare, lite nysnö som samlats här och där;;;;;;;;;;;
zz062;RS5;6 987 429 368 563;986 m;2018-04-24 09:33;RS;0,39;270;;B;1;2;bruna stora fibrer;0-gradigt, mulet, lite vind;skare till bristande skare, lite nysnö som samlats här och där;;;;;;;;;;;
zz062;RS6;6 987 443 368 443;970 m;2018-04-24 09:39;RS;0,31;270;;B;1;2;mörka oformliga korvar;0-gradigt, mulet, lite vind;skare till bristande skare, lite nysnö som samlats här och där;;;;;;;;;;;
zz062;RS7;6 987 441 368 434;971 m;2018-04-24 09:41;RS;0,62;270;;B;1;3;ljusbruna;0-gradigt, mulet, lite vind;skare till bristande skare, lite nysnö som samlats här och där;;;;;;;;;;;
zz062;RS8;6 987 455 368 331;958 m;2018-04-24 09:45;RS;0,22;90;;B;1;2;ljusbruna, stora fibrer;0-gradigt, mulet, lite vind;skare till bristande skare, lite nysnö som samlats här och där;;;;;;;;;;;
zz062;RS9;6 987 459 368 315;958 m;2018-04-24 09:47;RS;0,39;270;;B;1;20;ljusbruna;0-gradigt, mulet, lite vind;skare till bristande skare, lite nysnö som samlats här och där;;;;;;;;;;;
zz062;RS10;6 987 466 368 296;956 m;2018-04-24 09:50;RS;0,1;270;;B;1;22;ljusbruna;0-gradigt, mulet, lite vind;skare till bristande skare, lite nysnö som samlats här och där;;;;;;;;;;;
zz062;F1;6 987 485 368 260;952 m;2018-04-24 09:53;F;145;10;H;;;1;;0-gradigt, mulet, lite vind;skare till bristande skare, lite nysnö som samlats här och där;;;;;;;;;;;
zz062;RS11;6 987 524 368 208;944 m;2018-04-24 09:56;RS;;;;B;1;17;stora bruna, stora fibrer;0-gradigt, mulet, lite vind;skare till bristande skare, lite nysnö som samlats här och där;;;;;;;;;;;
zz062;RS12;6 987 590 368 091;927 m;2018-04-24 10:01;RS;0,23;270;;B;1;12;oformliga korvar;0-gradigt, mulet, lite vind;skare till bristande skare, lite nysnö som samlats här och där;;;;;;;;;;;
zz062;CORNER1;6 987 650 367 997;909 m;2018-04-24 10:05;CORNER;;;;;;;;0-gradigt, mulet, lite vind;skare till bristande skare, lite nysnö som samlats här och där;;;;;;;;;;;
zz062;SP3;6 987 613 368 001;906 m;2018-04-24 10:13;SP;;;;BS;;1;;0-gradigt, mulet, lite vind;skare till bristande skare, lite nysnö som samlats här och där;;;;;;;;;;;
zz062;SP4;6 987 501 367 992;912 m;2018-04-24 10:18;SP;;;;BS;;3;;0-gradigt, mulet, lite vind;skare till bristande skare, lite nysnö som samlats här och där;;;;;;;;;;;
zz062;RS13;6 987 322 367 996;924 m;2018-04-24 10:24;RS;;;;B;1;17;stora mörka, stora fibrer;0-gradigt, mulet, lite vind;skare till bristande skare, lite nysnö som samlats här och där;;;;;;;;;;;
zz062;RS14;6 987 190 368 003;931 m;2018-04-24 10:28;RS;1,09;90;;B;3;25;stora mörka, stora fibrer;0-gradigt, mulet, lite vind;skare till bristande skare, lite nysnö som samlats här och där;;;;;;;;;;;
zz062;RS14;6 987 190 368 003;931 m;2018-04-24 10:28;RS;;;;B;1;4;oformliga ljusa korvar;0-gradigt, mulet, lite vind;skare till bristande skare, lite nysnö som samlats här och där;;;;;;;;;;;
zz062;RS14;6 987 190 368 003;931 m;2018-04-24 10:28;D;125;295;H;;;1;;0-gradigt, mulet, lite vind;skare till bristande skare, lite nysnö som samlats här och där;;;;;;;;;;;
zz062;RS15;6 987 126 368 006;932 m;2018-04-24 10:35;RS;0,35;90;;B;1;12;ljusa;0-gradigt, mulet, lite vind;skare till bristande skare, lite nysnö som samlats här och där;;;;;;;;;;;
zz062;RS16;6 987 106 368 011;933 m;2018-04-24 10:38;RS;2,59;270;;;1;;C;0-gradigt, mulet, lite vind;skare till bristande skare, lite nysnö som samlats här och där;;;;;;;;;;;
zz062;RS17;6 987 008 368 003;936 m;2018-04-24 10:41;RS;0,41;90;;S;1;40;stora mörka, stora fibrer;0-gradigt, mulet, lite vind;skare till bristande skare, lite nysnö som samlats här och där;;;;;;;;;;;
zz062;RS18;6 986 836 368 006;943 m;2018-04-24 10:45;RS;0,61;270;;S;1;20;blöta, mörka;0-gradigt, mulet, lite vind;skare till bristande skare, lite nysnö som samlats här och där;;;;;;;;;;;
zz062;SP5;6 986 753 368 006;948 m;2018-04-24 10:50;SP;;;;S;;1;;0-gradigt, mulet, lite vind;skare till bristande skare, lite nysnö som samlats här och där;;;;;;;;;;;
zz062;RS19;6 986 718 368 012;950 m;2018-04-24 10:53;RS;1,11;270;;S;1;15;stora mörka, stora fibrer;0-gradigt, mulet, lite vind;skare till bristande skare, lite nysnö som samlats här och där;;;;;;;;;;;
zz062;RS20;6 986 702 368 013;951 m;2018-04-24 10:55;RS;3,62;90;;BS;1;15;stora mörka, stora fibrer;0-gradigt, mulet, lite vind;skare till bristande skare, lite nysnö som samlats här och där;;;;;;;;;;;
zz062;SP6;6 986 418 368 015;956 m;2018-04-24 11:02;SP;;;;BS;;1;;0-gradigt, mulet, lite vind;skare till bristande skare, lite nysnö som samlats här och där;;;;;;;;;;;
zz062;SP7;6 986 368 368 024;958 m;2018-04-24 11:05;SP;;;;BS;;1;;0-gradigt, mulet, lite vind;skare till bristande skare, lite nysnö som samlats här och där;;;;;;;;;;;
zz062;SP8;6 986 346 368 029;960 m;2018-04-24 11:07;SP;;;;S;;1;;0-gradigt, mulet, lite vind;skare till bristande skare, lite nysnö som samlats här och där;;;;;;;;;;;
zz062;RS21;6 985 502 368 274;964 m;2018-04-24 13:42;RS;0,18;270;;B;1;20;stora ljusbruna, stora fibrer;sol och 4-5 m/s vind;skare till bristande skare, lite nysnö som samlats här och där;;;;;;;;;;;
zz062;SP9;6 985 429 368 261;960 m;2018-04-24 13:44;SP;0,45;270;;S;;1;;sol och 4-5 m/s vind;skare till bristande skare, lite nysnö som samlats här och där;;;;;;;;;;;
zz062;RS22;6 985 378 368 258;963 m;2018-04-24 13:48;RS;0,15;270;;B;1;3;ljust, ser gammalt ut;sol och 4-5 m/s vind;skare till bristande skare, lite nysnö som samlats här och där;;;;;;;;;;;
zz062;RS23;6 985 334 368 256;955 m;2018-04-24 13:50;RS;;;;B;1;4;ljust, oformligt;sol och 4-5 m/s vind;skare till bristande skare, lite nysnö som samlats här och där;;;;;;;;;;;
zz062;RS24;6 984 661 368 326;927 m;2018-04-24 14:05;RS;3,1;270;;S;1;35;stora mörka, stora fibrer;sol och 4-5 m/s vind;skare till bristande skare, lite nysnö som samlats här och där;;;;;;;;;;;
zz062;RS25;6 984 343 368 423;916 m;2018-04-24 14:22;RS;;;;B;1;1;ljusbruna;sol och 4-5 m/s vind;skare till bristande skare, lite nysnö som samlats här och där;;;;;;;;;;;
zz062;CORNER2;6 983 885 368 701;920 m;2018-04-24 14:39;CORNER;;;;;;;;sol och 4-5 m/s vind;skare till bristande skare, lite nysnö som samlats här och där;;;;;;;;;;;
zz062;RS26;6 983 886 368 704;918 m;2018-04-24 14:40;RS;0,38;90;;B;2;15;ljusbruna, torra;sol och 4-5 m/s vind;skare till bristande skare, lite nysnö som samlats här och där;;;;;;;;;;;
zz062;RS27;6 983 932 368 876;919 m;2018-04-24 14:46;RS;;;;;1;4;stora mörka, stora fibrer;sol och 4-5 m/s vind;skare till bristande skare, lite nysnö som samlats här och där;;;;;;;;;;;
zz062;F2;6 984 040 369 029;931 m;2018-04-24 14:54;F;37;302;HSE;S;;1;;sol och 4-5 m/s vind;skare till bristande skare, lite nysnö som samlats här och där;;;;;;;;;;;
zz062;RS28;6 984 113 369 166;941 m;2018-04-24 14:59;RS;;;;B;1;3;ljusa, torra;sol och 4-5 m/s vind;skare till bristande skare, lite nysnö som samlats här och där;;;;;;;;;;;
zz062;RS29;6 984 182 369 282;957 m;2018-04-24 15:09;RS;;;;;1;15;ljusa;sol och 4-5 m/s vind;skare till bristande skare, lite nysnö som samlats här och där;;;;;;;;;;;
zz062;F3;6 984 622 369 926;1003 m;2018-04-24 15:36;F;57;28;HSE;S;;1;;lätt snöfall;skare till bristande skare, lite nysnö som samlats här och där;;;;;;;;;;;
zz062;RS30;6 984 813 370 226;1032 m;2018-04-24 15:45;RS;;;;BS;1;1;mörk, stor;lätt snöfall;skare till bristande skare, lite nysnö som samlats här och där;;;;;;;;;;;
zz062;RS30;6 984 813 370 226;1032 m;2018-04-24 15:45;RVSP;;;;;;1;;lätt snöfall;skare till bristande skare, lite nysnö som samlats här och där;;;;;;;;;;;
zz062;RS31;6 984 903 370 347;1049 m;2018-04-24 15:52;RS;;;;;1;6;ljusbrin, oformlig;lätt snöfall;skare till bristande skare, lite nysnö som samlats här och där;;;;;;;;;;;
zz062;RVSP;6 985 340 370 905;1071 m;2018-04-24 16:06;RVSP;;;;;;1;;lätt snöfall;skare till bristande skare, lite nysnö som samlats här och där;;;;;;;;;;;
zz014;RVSP;6 978 330 345 945;846 m;2018-04-26 06:44;RVSP;;;;;;;;mulet, vind 3 m/s, 0 till -2 grader;skare + 1 cm nysnö + 2 cm nysnö under dagen;;;;;;;;;;;
zz014;STARTZZ014;6 978 333 351 234;1071 m;2018-04-26 09:08;START;;;;;;;;mulet, vind 3 m/s, 0 till -2 grader;skare + 1 cm nysnö + 2 cm nysnö under dagen;;;;;;;;;;;
zz014;STARTZZ014;6 978 333 351 234;1071 m;2018-04-26 09:08;F;156;102;H;;;1;;mulet, vind 3 m/s, 0 till -2 grader;skare + 1 cm nysnö + 2 cm nysnö under dagen;;;;;;;;;;;
zz014;STARTZZ014;6 978 333 351 234;1071 m;2018-04-26 09:08;F;102;275;H;;;1;;mulet, vind 3 m/s, 0 till -2 grader;skare + 1 cm nysnö + 2 cm nysnö under dagen;;;;;;;;;;;
zz014;F1;6 978 221 351 667;1045 m;2018-04-26 09:23;F;167;283;H;;;1;;mulet, vind 3 m/s, 0 till -2 grader;skare + 1 cm nysnö + 2 cm nysnö under dagen;;;;;;;;;;;
zz014;RS1;6 977 654 353 487;970 m;2018-04-26 09:45;RS;;;;BS;1;1;C till fast, färsk;mulet, vind 3 m/s, 0 till -2 grader;skare + 1 cm nysnö + 2 cm nysnö under dagen;;;;;;;;;;;
zz014;RS2;6 977 528 353 996;977 m;2018-04-26 09:56;RS;;;;B;1;1;ljusbrun, mjuk;mulet, vind 3 m/s, 0 till -2 grader;skare + 1 cm nysnö + 2 cm nysnö under dagen;;;;;;;;;;;
zz014;RS3;6 977 484 354 587;993 m;2018-04-26 10:09;RS;;;;B;1;1;ljus, torr;mulet, vind 3 m/s, 0 till -2 grader;skare + 1 cm nysnö + 2 cm nysnö under dagen;;;;;;;;;;;
zz014;SP1;6 977 493 354 708;968 m;2018-04-26 10:14;SP;;;;BS;;1;;mulet, vind 3 m/s, 0 till -2 grader;skare + 1 cm nysnö + 2 cm nysnö under dagen;;;;;;;;;;;
zz014;RS4;6 977 510 354 981;906 m;2018-04-26 10:20;RS;2,53;270;;BS;1;20;blandat färskt och gammalt;mulet, vind 3 m/s, 0 till -2 grader;skare + 1 cm nysnö + 2 cm nysnö under dagen;;;;;;;;;;;
zz014;CORNER1;6 977 503 355 128;889 m;2018-04-26 10:22;CORNER;;;;;;;relatiivt mycket snö och lite barmark på sträcka 1. Få buskar och lite ljung.;mulet, vind 3 m/s, 0 till -2 grader;skare + 1 cm nysnö + 2 cm nysnö under dagen;;;;;;;;;;;
zz014;F2;6 977 550 355 108;894 m;2018-04-26 10:37;F;230;276;H;;;1;;mulet, vind 3 m/s, 0 till -2 grader;skare + 1 cm nysnö + 2 cm nysnö under dagen;;;;;;;;;;;
zz014;F2;6 977 550 355 108;894 m;2018-04-26 10:37;F;247;189;H;;;1;;mulet, vind 3 m/s, 0 till -2 grader;skare + 1 cm nysnö + 2 cm nysnö under dagen;;;;;;;;;;;
zz014;F3;6 977 799 355 071;894 m;2018-04-26 10:46;F;164;20;HSE;BS;;1;;mulet, vind 3 m/s, 0 till -2 grader;skare + 1 cm nysnö + 2 cm nysnö under dagen;;;;;;;;;;;
zz014;F4;6 978 993 354 678;860 m;2018-04-26 11:46;F;63;284;HSE;B;;2;;mulet, vind 3 m/s, 0 till -2 grader;skare + 1 cm nysnö + 2 cm nysnö under dagen;;;;;;;;;;;
zz014;F4;6 978 993 354 678;860 m;2018-04-26 11:46;F;134;195;H;;;1;;mulet, vind 3 m/s, 0 till -2 grader;skare + 1 cm nysnö + 2 cm nysnö under dagen;;;;;;;;;;;
zz014;F5;6 980 084 354 118;920 m;2018-04-26 11:46;F;112;18;SE;B;;1;;mulet, vind 3 m/s, 0 till -2 grader;skare + 1 cm nysnö + 2 cm nysnö under dagen;;;;;;;;;;;
zz014;F5;6 980 084 354 118;920 m;2018-04-26 11:46;F;171;285;H;;;1;;mulet, vind 3 m/s, 0 till -2 grader;skare + 1 cm nysnö + 2 cm nysnö under dagen;;;;;;;;;;;
zz014;F5;6 980 084 354 118;920 m;2018-04-26 11:46;F;163;200;H;;;1;;mulet, vind 3 m/s, 0 till -2 grader;skare + 1 cm nysnö + 2 cm nysnö under dagen;;;;;;;;;;;
zz014;CORNER2;6 981 270 353 841;909 m;2018-04-26 12:13;CORNER;;;;;;;;snö, begränsad sikt, +2 grader;skare + 1 cm nysnö + 2 cm nysnö under dagen;;;;;;;;;;;
zz014;RS5;6 980 911 353 777;970 m;2018-04-26 14:33;RS;;;;B;1;2;ljusbrun, blöt;snö, begränsad sikt, +2 grader;skare + 1 cm nysnö + 2 cm nysnö under dagen;;;;;;;;;;;
zz014;RS5;6 980 911 353 777;970 m;2018-04-26 14:33;F;127;68;HSE;S;;1;;snö, begränsad sikt, +2 grader;skare + 1 cm nysnö + 2 cm nysnö under dagen;;;;;;;;;;;
zz014;F6;6 980 531 353 694;974 m;2018-04-26 14:46;F;105;4;SE;B;;1;;snö, begränsad sikt, +2 grader;skare + 1 cm nysnö + 2 cm nysnö under dagen;;;;;;;;;;;
zz014;F6;6 980 531 353 694;974 m;2018-04-26 14:46;F;146;105;H;;;1;;snö, begränsad sikt, +2 grader;skare + 1 cm nysnö + 2 cm nysnö under dagen;;;;;;;;;;;
zz014;F6;6 980 531 353 694;974 m;2018-04-26 14:46;F;129;283;H;;;1;;snö, begränsad sikt, +2 grader;skare + 1 cm nysnö + 2 cm nysnö under dagen;;;;;;;;;;;
zz014;NYRIKT;6 980 411 353 676;979 m;2018-04-26 14:53;NYRIKT;;;;;;;;sol;skare + 1 cm nysnö + 2 cm nysnö under dagen;;;;;;;;;;;
zz014;NYRIKT;6 980 411 353 676;979 m;2018-04-26 14:53;RS;;;;B;1;2;ljusbrun;sol;skare + 1 cm nysnö + 2 cm nysnö under dagen;;;;;;;;;;;
zz014;RS6;6 980 373 353 646;977 m;2018-04-26 14:57;RS;;;;B;1;2;ljusbrun;sol;skare + 1 cm nysnö + 2 cm nysnö under dagen;;;;;;;;;;;
zz014;R1;6 980 103 353 507;967 m;2018-04-26 15:04;R;197;351;SE;S;;1;;sol;skare + 1 cm nysnö + 2 cm nysnö under dagen;;;;;;;;;;;
zz014;F7;6 979 753 353 371;996 m;2018-04-26 15:14;F;155;288;HSE;B;;3;;sol;skare + 1 cm nysnö + 2 cm nysnö under dagen;;;;;;;;;;;
zz014;F8;6 979 459 353 143;1005 m;2018-04-26 15:23;F;111;4;HSE;BS;;2;;snö;skare + 1 cm nysnö + 2 cm nysnö under dagen;;;;;;;;;;;
zz014;NYRIKT;6 979 305 353 040;1007 m;2018-04-26 15:29;NYRIKT;;;;;;;;sol;skare + 1 cm nysnö + 2 cm nysnö under dagen;;;;;;;;;;;
zz014;F9;6 979 202 352 873;1019 m;2018-04-26 15:37;F;70;306;SE;S;;2;;sol;skare + 1 cm nysnö + 2 cm nysnö under dagen;;;;;;;;;;;
zz014;RS7;6 978 426 351 327;1072 m;2018-04-26 16:15;RS;0,7;90;;B;1;1;ljus, torr;sol;skare + 1 cm nysnö + 2 cm nysnö under dagen;;;;;;;;;;;
zz096;RVSP;6 982 302 355 715;875 m;2018-04-27 06:27;RVSP;;;;;;;;;;;;;;;;;;;;
zz096;STARTZZ096;6 983 090 356 519;896 m;2018-04-27 06:55;START;;;;;;;;växlande molnighet, 0 till -1;skare + 2 mm nysnö + mer snö under dagen;;;;;;;;;;;
zz096;STARTZZ096;6 983 090 356 519;896 m;2018-04-27 06:55;F;210;125;H;;;1;;växlande molnighet, 0 till -1;skare + 2 mm nysnö + mer snö under dagen;;;;;;;;;;;
zz096;SP1;6 983 032 356 674;891 m;2018-04-27 07:01;SP;15;90;;S;;1;;växlande molnighet, 0 till -1;skare + 2 mm nysnö + mer snö under dagen;;;;;;;;;;;
zz096;SP1;6 983 032 356 674;891 m;2018-04-27 07:01;F;198;15;H;;;1;;växlande molnighet, 0 till -1;skare + 2 mm nysnö + mer snö under dagen;;;;;;;;;;;
zz096;RVSP;6 982 991 356 782;888 m;2018-04-27 07:04;RVSP;;;;;;;;växlande molnighet, 0 till -1;skare + 2 mm nysnö + mer snö under dagen;;;;;;;;;;;
zz096;NYRIKT;6 982 916 356 948;889 m;2018-04-27 07:07;NYRIKT;;;;;;;;växlande molnighet, 0 till -1;skare + 2 mm nysnö + mer snö under dagen;;;;;;;;;;;
zz096;F1;6 982 928 357 079;877 m;2018-04-27 07:10;F;27;280;HSE;;;1;;växlande molnighet, 0 till -1;skare + 2 mm nysnö + mer snö under dagen;;;;;;;;;;;
zz096;NYRIKT;6 982 958 357 172;872 m;2018-04-27 07:12;NYRIKT;;;;;;;;växlande molnighet, 0 till -1;skare + 2 mm nysnö + mer snö under dagen;;;;;;;;;;;
zz096;NYRIKT;6 982 732 357 448;874 m;2018-04-27 07:20;NYRIKT;;;;;;;;växlande molnighet, 0 till -1;skare + 2 mm nysnö + mer snö under dagen;;;;;;;;;;;
zz096;RVSP;6 982 630 357 699;894 m;2018-04-27 07:26;RVSP;;;;;;;;snö, lätt vind;skare + 2 mm nysnö + mer snö under dagen;;;;;;;;;;;
saknar;F2;6 982 348 358 299;900 m;2018-04-27 08:00;F;117;26;SE;B;;1;;snö, lätt vind;skare + 2 mm nysnö + mer snö under dagen;;;;;;;;;;;
zz096;F3;6 982 183 358 919;905 m;2018-04-27 09:07;F;119;330;SE;BS;;1;;snö, lätt vind;skare + 2 mm nysnö + mer snö under dagen;;;;;;;;;;;
zz096;F3;6 982 183 358 919;905 m;2018-04-27 09:07;F;222;112;H;;;1;;sol, lite snöfall;skare + 2 mm nysnö + mer snö under dagen;;;;;;;;;;;
zz096;F4;6 982 114 359 058;911 m;2018-04-27 09:13;F;63;302;SE;B;;2;;sol, lite snöfall;skare + 2 mm nysnö + mer snö under dagen;;;;;;;;;;;
zz096;R1;6 982 006 359 291;918 m;2018-04-27 09:20;R;257;326;SE;S;;3;;sol, lite snöfall;skare + 2 mm nysnö + mer snö under dagen;;;;;;;;;;;
zz096;F5;6 981 940 359 461;922 m;2018-04-27 09:25;F;132;86;SE;B;;1;;sol, lite snöfall;skare + 2 mm nysnö + mer snö under dagen;;;;;;;;;;;
zz096;NYRIKT;6 981 870 359 749;936 m;2018-04-27 09:36;NYRIKT;;;;;;;;sol, lite snöfall;skare + 2 mm nysnö + mer snö under dagen;;;;;;;;;;;
zz096;CORNER1;6 981 921 360 308;985 m;2018-04-27 09:47;CORNER;;;;;;;;sol, lite snöfall;skare + 2 mm nysnö + mer snö under dagen;;;;;;;;;;;
zz096;CORNER1;6 981 921 360 308;985 m;2018-04-27 09:47;F;234;76;H;;;1;;sol, lite snöfall;skare + 2 mm nysnö + mer snö under dagen;;;;;;;;;;;
zz096;F6;6 983 945 359 739;999 m;2018-04-27 10:51;F;16;274;SE;B;;1;;sol, varmt, 15 grader;skare + 2 mm nysnö + mer snö under dagen;;;;;;;;;;;
zz096;F7;6 984 478 359 678;1008 m;2018-04-27 11:05;F;78;16;SE;B;;1;;sol, varmt, 15 grader;skare + 2 mm nysnö + mer snö under dagen;;;;;;;;;;;
zz096;F8;6 984 553 359 647;1008 m;2018-04-27 11:10;F;71;20;SE;B;;3;;sol, varmt, 15 grader;skare + 2 mm nysnö + mer snö under dagen;;;;;;;;;;;
zz096;F9;6 985 096 359 518;1011 m;2018-04-27 11:25;F;303;96;HSE;B;;1;kan vara dubbelrknad. De jag såg innan flög dock åt andra hållet;sol, varmt, 15 grader;skare + 2 mm nysnö + mer snö under dagen;;;;;;;;;;;
zz096;F9;6 985 096 359 518;1011 m;2018-04-27 11:25;F;282;118;HSE;B;;1;;sol, varmt, 15 grader;skare + 2 mm nysnö + mer snö under dagen;;;;;;;;;;;
zz096;CORNER2;6 985 863 359 293;1031 m;2018-04-27 11:47;CORNER;;;;;;;mycket snö och få barfläckar på transekt;molningt, lätt snöfall, kallare;skare + 2 mm nysnö + mer snö under dagen;;;;;;;;;;;
zz096;F10;6 985 409 358 759;986 m;2018-04-27 12:19;F;84;32;SE;BS;;2;kraftigt snöfall;molningt, lätt snöfall, kallare;skare + 2 mm nysnö + mer snö under dagen;;;;;;;;;;;
zz096;RS1;6 985 041 358 323;950 m;2018-04-27 12:29;RS;0,98;270;;BS;1;15;;molningt, lätt snöfall, kallare;skare + 2 mm nysnö + mer snö under dagen;;;;;;;;;;;
zz096;RS1;6 985 041 358 323;950 m;2018-04-27 12:29;F;95;108;H;;;1;;molningt, lätt snöfall, kallare;skare + 2 mm nysnö + mer snö under dagen;;;;;;;;;;;
zz096;F11;6 984 145 357 456;930 m;2018-04-27 13:00;F;17;20;HSE;B;;2;gps saknades. Lade till i efterhand. Höjd är en gissning.;soligt, varmt;skare + 2 mm nysnö + mer snö under dagen;;;;;;;;;;;
zz096;RS2;6 983 184 356 513;907 m;2018-04-27 13:18;RS;;;;;1;4;någon ljusbrun, någon gammal;soligt, varmt;skare + 2 mm nysnö + mer snö under dagen;;;;;;;;;;;
zz075;STARTZZ075;7 005 963 362 616;834 m;2018-04-30 09:00;START;;;;;;;;växlande molninghet;skare + 2 mm nysnö i jämn yta. Mycket bra spårsnö;;;;;;;;;;;
zz075;SP1;7 005 930 362 243;847 m;2018-04-30 09:13;SP;;;;S;;1;;växlande molninghet;skare + 2 mm nysnö i jämn yta. Mycket bra spårsnö;;;;;;;;;;;
zz075;RVSP;7 005 887 361 616;840 m;2018-04-30 09:21;RVSP;;;;;;;;växlande molninghet;skare + 2 mm nysnö i jämn yta. Mycket bra spårsnö;;;;;;;;;;;
zz075;SP2;7 005 948 361 408;859 m;2018-04-30 09:26;SP;;;;S;;4;;varmt, plusgrader;skare + 2 mm nysnö i jämn yta. Mycket bra spårsnö;;;;;;;;;;;
zz075;SP3;7 006 091 360 439;978 m;2018-04-30 09:58;SP;;;;S;;1;;varmt, plusgrader;skare + 2 mm nysnö i jämn yta. Mycket bra spårsnö;;;;;;;;;;;
zz075;SP4;7 006 105 360 299;988 m;2018-04-30 10:02;SP;2,78;270;;S;;1;;varmt, plusgrader;skare + 2 mm nysnö i jämn yta. Mycket bra spårsnö;;;;;;;;;;;
zz075;SP5;7 006 130 360 148;1001 m;2018-04-30 10:08;SP;;;;S;;2;;varmt, plusgrader;skare + 2 mm nysnö i jämn yta. Mycket bra spårsnö;;;;;;;;;;;
zz075;SP6;7 006 133 360 128;1001 m;2018-04-30 10:11;SP;;;;BS;;3;;varmt, plusgrader;skare + 2 mm nysnö i jämn yta. Mycket bra spårsnö;;;;;;;;;;;
zz075;SP7;7 006 146 360 075;998 m;2018-04-30 10:13;SP;;;;BS;;3;;varmt, plusgrader;skare + 2 mm nysnö i jämn yta. Mycket bra spårsnö;;;;;;;;;;;
zz075;SP8;7 006 171 360 032;996 m;2018-04-30 10:16;SP;;;;BS;;2;;varmt, plusgrader;skare + 2 mm nysnö i jämn yta. Mycket bra spårsnö;;;;;;;;;;;
zz075;RS1;7 006 203 359 711;956 m;2018-04-30 10:23;RS;1,15;90;;B;1;1;bruna stora, grova fibrer;varmt, plusgrader;skare + 2 mm nysnö i jämn yta. Mycket bra spårsnö;;;;;;;;;;;
zz075;SP9;7 006 211 359 605;949 m;2018-04-30 10:26;SP;;;;BS;;1;;varmt, plusgrader;skare + 2 mm nysnö i jämn yta. Mycket bra spårsnö;;;;;;;;;;;
zz075;SP10;7 006 143 359 330;921 m;2018-04-30 10:30;SP;;;;S;;1;;varmt, plusgrader;skare + 2 mm nysnö i jämn yta. Mycket bra spårsnö;;;;;;;;;;;
zz075;D1;7 006 114 359 146;913 m;2018-04-30 10:36;D;110;168;HSE;B;;1;;varmt, plusgrader;skare + 2 mm nysnö i jämn yta. Mycket bra spårsnö;;;;;;;;;;;
zz075;SP11;7 006 105 359 105;911 m;2018-04-30 10:38;SP;3,72;270;;BS;;2;;varmt, plusgrader;skare + 2 mm nysnö i jämn yta. Mycket bra spårsnö;;;;;;;;;;;
zz075;SP12;7 006 097 359 055;912 m;2018-04-30 10:41;SP;4,02;90;;S;;1;;varmt, plusgrader;skare + 2 mm nysnö i jämn yta. Mycket bra spårsnö;;;;;;;;;;;
zz075;SP13;7 006 092 358 975;911 m;2018-04-30 10:46;SP;;;;BS;;5;;varmt, plusgrader;skare + 2 mm nysnö i jämn yta. Mycket bra spårsnö;;;;;;;;;;;
zz075;SP14;7 006 069 358 719;913 m;2018-04-30 10:51;SP;;;;S;;2;;varmt, plusgrader;skare + 2 mm nysnö i jämn yta. Mycket bra spårsnö;;;;;;;;;;;
zz075;SP15;7 006 070 358 639;907 m;2018-04-30 10:54;SP;;;;BS;;3;;varmt, plusgrader;skare + 2 mm nysnö i jämn yta. Mycket bra spårsnö;;;;;;;;;;;
zz075;CORNER1;7 006 048 358 564;905 m;2018-04-30 10:56;CORNER;;;;;;;;varmt, plusgrader;skare + 2 mm nysnö i jämn yta. Mycket bra spårsnö;;;;;;;;;;;
zz075;SP16;7 005 966 358 599;900 m;2018-04-30 11:35;SP;;;;BS;;3;;varmt, plusgrader;skare + 2 mm nysnö i jämn yta. Mycket bra spårsnö;;;;;;;;;;;
zz075;SP17;7 005 754 358 715;893 m;2018-04-30 11:41;SP;;;;S;;2;även många små spår. Gnagare?;varmt, plusgrader;skare + 2 mm nysnö i jämn yta. Mycket bra spårsnö;;;;;;;;;;;
zz075;SP18;7 005 614 358 794;888 m;2018-04-30 11:44;SP;;;;BS;;2;;varmt, plusgrader;skare + 2 mm nysnö i jämn yta. Mycket bra spårsnö;;;;;;;;;;;
zz075;SP19;7 005 555 358 825;882 m;2018-04-30 11:46;SP;;;;S;;2;;varmt, plusgrader;skare + 2 mm nysnö i jämn yta. Mycket bra spårsnö;;;;;;;;;;;
zz075;SP20;7 005 172 359 049;862 m;2018-04-30 11:50;SP;;;;S;;1;även RVSP;varmt, plusgrader;skare + 2 mm nysnö i jämn yta. Mycket bra spårsnö;;;;;;;;;;;
zz075;SP21;7 004 845 359 228;851 m;2018-04-30 11:56;SP;;;;BS;;1;;varmt, plusgrader;skare + 2 mm nysnö i jämn yta. Mycket bra spårsnö;;;;;;;;;;;
zz075;SP22;7 004 594 359 342;839 m;2018-04-30 12:05;SP;;;;BS;;1;;varmt, plusgrader;skare + 2 mm nysnö i jämn yta. Mycket bra spårsnö;;;;;;;;;;;
zz075;NYRIKT;7 004 462 359 409;836 m;2018-04-30 12:09;NYRIKT;;;;;;;;varmt, plusgrader;skare + 2 mm nysnö i jämn yta. Mycket bra spårsnö;;;;;;;;;;;
zz075;NYRIKT;7 004 326 359 594;834 m;2018-04-30 12:12;NYRIKT;;;;;;;;varmt, plusgrader;skare + 2 mm nysnö i jämn yta. Mycket bra spårsnö;;;;;;;;;;;
zz075;NYRIKT;7 004 265 359 557;835 m;2018-04-30 12:14;NYRIKT;;;;;;;;varmt, plusgrader;skare + 2 mm nysnö i jämn yta. Mycket bra spårsnö;;;;;;;;;;;
zz075;SP23;7 004 067 359 659;846 m;2018-04-30 12:19;SP;;;;S;;2;;varmt, plusgrader;skare + 2 mm nysnö i jämn yta. Mycket bra spårsnö;;;;;;;;;;;
zz075;SP24;7 004 008 359 687;852 m;2018-04-30 12:22;SP;;;;BS;;2;;varmt, plusgrader;skare + 2 mm nysnö i jämn yta. Mycket bra spårsnö;;;;;;;;;;;
zz075;SP25;7 003 441 360 041;885 m;2018-04-30 12:37;SP;;;;BS;;2;säkert D2;varmt, plusgrader;skare + 2 mm nysnö i jämn yta. Mycket bra spårsnö;;;;;;;;;;;
zz075;D2;7 003 437 360 048;885 m;2018-04-30 12:41;D;7;20;SE;B;;2;;varmt, plusgrader;skare + 2 mm nysnö i jämn yta. Mycket bra spårsnö;;;;;;;;;;;
zz075;SP26;7 003 383 360 066;884 m;2018-04-30 12:45;SP;;;;S;;3;säkert D2;varmt, plusgrader;skare + 2 mm nysnö i jämn yta. Mycket bra spårsnö;;;;;;;;;;;
zz075;SP27;7 003 064 360 213;885 m;2018-04-30 12:52;SP;1,27;270;;;;1;;varmt, plusgrader;skare + 2 mm nysnö i jämn yta. Mycket bra spårsnö;;;;;;;;;;;
zz075;SP28;7 002 924 360 280;879 m;2018-04-30 12:57;SP;;;;BS;;1;;varmt, plusgrader;skare + 2 mm nysnö i jämn yta. Mycket bra spårsnö;;;;;;;;;;;
zz075;RS2;7 002 846 360 330;879 m;2018-04-30 13:01;RS;;;;B;1;3;ljus;varmt, plusgrader;skare + 2 mm nysnö i jämn yta. Mycket bra spårsnö;;;;;;;;;;;
zz075;RS3;7 002 828 360 337;879 m;2018-04-30 13:04;RS;;;;B;1;1;ljus;varmt, plusgrader;skare + 2 mm nysnö i jämn yta. Mycket bra spårsnö;;;;;;;;;;;
zz075;SP29;7 002 573 360 565;871 m;2018-04-30 13:12;SP;1,68;90;;BS;;1;;varmt, plusgrader;skare + 2 mm nysnö i jämn yta. Mycket bra spårsnö;;;;;;;;;;;
zz075;CORNER2;7 002 551 360 604;872 m;2018-04-30 13:16;CORNER;;;;;;;;varmt, plusgrader;skare + 2 mm nysnö i jämn yta. Mycket bra spårsnö;;;;;;;;;;;
zz075;SP30;7 002 731 360 751;892 m;2018-04-30 13:26;SP;;;;BS;;2;;varmt, plusgrader;skare + 2 mm nysnö i jämn yta. Mycket bra spårsnö;;;;;;;;;;;
zz075;R1;7 003 942 361 654;896 m;2018-04-30 13:52;R;7;158;SE;BS;;1;;varmt, plusgrader;skare + 2 mm nysnö i jämn yta. Mycket bra spårsnö;;;;;;;;;;;
zz075;SP31;7 004 010 361 690;896 m;2018-04-30 13:56;SP;;;;BS;;4;;varmt, plusgrader;skare + 2 mm nysnö i jämn yta. Mycket bra spårsnö;;;;;;;;;;;
zz075;SP32;7 004 478 361 995;896 m;2018-04-30 15:21;SP;;;;BS;;2;;varmt, plusgrader;skare + 2 mm nysnö i jämn yta. Mycket bra spårsnö;;;;;;;;;;;
zz075;SP33;7 004 518 362 018;896 m;2018-04-30 15:24;SP;;;;BS;;2;;varmt, plusgrader;skare + 2 mm nysnö i jämn yta. Mycket bra spårsnö;;;;;;;;;;;
zz075;SP34;7 004 641 362 075;894 m;2018-04-30 15:27;SP;;;;S;;2;;varmt, plusgrader;skare + 2 mm nysnö i jämn yta. Mycket bra spårsnö;;;;;;;;;;;
zz075;SP35;7 004 976 362 244;876 m;2018-04-30 15:34;SP;;;;S;;1;;varmt, plusgrader;skare + 2 mm nysnö i jämn yta. Mycket bra spårsnö;;;;;;;;;;;
zz075;SP36;7 005 036 362 271;872 m;2018-04-30 15:37;SP;;;;S;;5;;varmt, plusgrader;skare + 2 mm nysnö i jämn yta. Mycket bra spårsnö;;;;;;;;;;;
zz075;SP37;7 005 401 362 460;853 m;2018-04-30 15:43;SP;;;;BS;;1;;varmt, plusgrader;skare + 2 mm nysnö i jämn yta. Mycket bra spårsnö;;;;;;;;;;;
zz076;STARTZZ076;7 004 400 359 209;837 m;2018-05-01 07:06;START;;;;;;;;mulet, vind 5-6 m/s, -1 grader;skare;;;;;;;;;;;
zz076;RS1;7 003 918 358 291;839 m;2018-05-01 07:35;RS;;;;B;1;12;stora bruna, stora fibrer;mulet, vind 5-6 m/s, -1 grader;skare;;;;;;;;;;;
zz076;RS2;7 003 782 358 005;852 m;2018-05-01 07:44;RS;;;;S;1;2;ljusbrun;mulet, vind 5-6 m/s, -1 grader;skare;;;;;;;;;;;
zz076;SP1;7 003 733 357 829;854 m;2018-05-01 07:49;SP;;;;S;;1;;mulet, vind 5-6 m/s, -1 grader;skare;;;;;;;;;;;
zz076;RS3;7 003 632 357 578;859 m;2018-05-01 07:55;RS;;;;S;1;1;;mulet, vind 5-6 m/s, -1 grader;skare;;;;;;;;;;;
zz076;SP2;7 002 949 356 265;811 m;2018-05-01 08:15;SP;;;;BS;;1;;mulet, vind 5-6 m/s, -1 grader;skare;;;;;;;;;;;
zz076;RS4;7 002 812 355 949;792 m;2018-05-01 08:22;RS;;;;S;2;30;;vind 7-8 m/s;skare;;;;;;;;;;;
zz076;R1;7 002 785 355 789;785 m;2018-05-01 08:26;R;225;80;SE;B;;2;Flög högt, uppskattat avstånd;vind 7-8 m/s;skare;;;;;;;;;;;
zz076;R2;7 002 775 355 736;784 m;2018-05-01 08:30;R;68;342;SE;B;;1;;vind 7-8 m/s;skare;;;;;;;;;;;
zz076;CORNER1;7 002 767 355 630;783 m;2018-05-01 09:01;CORNER;;;;;;;;lätt snöfall, vind 7-8 m/s;skare;;;;;;;;;;;
zz076;RS5;7 003 185 355 743;802 m;2018-05-01 09:21;RS;;;;S;1;2;ljusbrun;lätt snöfall, vind 7-8 m/s;skare;;;;;;;;;;;
zz076;SP3;7 003 537 355 760;806 m;2018-05-01 09:33;SP;;;;;;1;flera otydliga spår under den här sträckan. Antagligen ripa.;lätt snöfall, vind 7-8 m/s;skare;;;;;;;;;;;
zz076;RS6;7 003 563 355 747;809 m;2018-05-01 09:36;RS;;;;S;1;2;mörk;vind 9 m/s;skare;;;;;;;;;;;
zz076;RS6;7 003 563 355 747;809 m;2018-05-01 09:36;D;56;279;H;;;1;;vind 9 m/s;skare;;;;;;;;;;;
zz076;D1;7 003 632 355 750;810 m;2018-05-01 09:42;D;53;56;HSE;BS;;2;;vind 9 m/s;skare;;;;;;;;;;;
zz076;D2;7 005 429 356 236;855 m;2018-05-01 10:14;D;26;344;SE;B;;2;;vind 9 m/s;skare;;;;;;;;;;;
zz076;RS7;7 005 578 356 227;836 m;2018-05-01 10:22;RS;;;;S;1;2;;vind 9 m/s;skare;;;;;;;;;;;
zz076;RS8;7 005 615 356 234;839 m;2018-05-01 10:24;RS;;;;BS;3;25;stora bruna, stora fibrer;vind 9 m/s;skare;;;;;;;;;;;
zz076;SP4;7 005 818 356 285;861 m;2018-05-01 10:32;SP;;;;BS;;1;;vind 9 m/s;skare;;;;;;;;;;;
zz076;R3;7 005 889 356 297;870 m;2018-05-01 10:35;R;30;354;SE;B;;1;;vind 9 m/s;skare;;;;;;;;;;;
zz076;SP5;7 005 982 356 291;870 m;2018-05-01 10:42;SP;;;;BS;;1;;vind 9 m/s;skare;;;;;;;;;;;
zz076;SP6;7 006 067 356 287;881 m;2018-05-01 10:46;SP;;;;BS;;5;5 tydliga, flera otydliga;vind 9 m/s;skare;;;;;;;;;;;
zz076;SP7;7 006 110 356 278;897 m;2018-05-01 10:51;SP;;;;BS;;1;;vind 9 m/s;skare;;;;;;;;;;;
zz076;RS9;7 006 178 356 268;917 m;2018-05-01 10:56;RS;;;;S;1;1;;vind 9 m/s;skare;;;;;;;;;;;
zz076;F1;7 006 451 356 272;946 m;2018-05-01 11:04;F;24;6;;BS;;2;;vind 9 m/s;skare;;;;;;;;;;;
zz076;CORNER2;7 006 803 356 301;968 m;2018-05-01 11:14;CORNER;;;;;;;;vind 10 + m/s;skare;;;;;;;;;;;
zz076;RS10;7 006 600 356 476;977 m;2018-05-01 11:25;RS;;;;;1;15;ljusbuna, stora fibrer;vind c:a 15 m/s;skare;;;;;;;;;;;
zz076;R4;7 005 428 357 911;895 m;2018-05-01 12:42;R;47;4;SE;B;;2;;vind 8-9 m/s;skare;;;;;;;;;;;
zz076;RS11;7 005 274 358 127;889 m;2018-05-01 12:47;RS;;;;;1;1;ljusbruna, stora fibrer;vind 8-9 m/s;skare;;;;;;;;;;;
zz076;RS12;7 005 214 358 195;883 m;2018-05-01 12:51;RS;;;;;1;20;stora grova, stora fibrer;vind 8-9 m/s;skare;;;;;;;;;;;
zz076;SLUT;7 004 453 359 147;833 m;2018-05-01 13:08;SLUT;;;;;;;;;;;;;;;;;;;;
zz061;STARTZZ061;7 008 546 366 649;993 m;2018-05-02 07:49;START;;;;;;;;;;;;;;;;;;;;
zz061;STARTZZ061;7 008 546 366 649;993 m;2018-05-02 07:49;D;215;33;H;;;1;;växlande molnighet, vind 1 m/s, 0 grader;skare;;;;;;;;;;;
zz061;RS1;7 008 527 366 619;997 m;2018-05-02 07:55;RS;;;;BS;1;3;färska;växlande molnighet, vind 1 m/s, 0 grader;skare;;;;;;;;;;;
zz061;RS2;7 008 489 366 555;1010 m;2018-05-02 08:01;RS;;;;B;1;1;ljus;växlande molnighet, vind 1 m/s, 0 grader;skare;;;;;;;;;;;
zz061;RS3;7 008 481 366 542;1015 m;2018-05-02 08:03;RS;;;;B;1;2;ljus;växlande molnighet, vind 1 m/s, 0 grader;skare;;;;;;;;;;;
zz061;RS4;7 008 469 366 500;1021 m;2018-05-02 08:05;RS;;;;B;1;1;ljus;växlande molnighet, vind 1 m/s, 0 grader;skare;;;;;;;;;;;
zz061;RS5;7 008 230 366 123;1095 m;2018-05-02 08:22;RS;;;;B;1;30;ljus;växlande molnighet, vind 1 m/s, 0 grader;skare;;;;;;;;;;;
zz061;RS6;7 008 184 366 055;1101 m;2018-05-02 08:26;RS;;;;B;1;3;ljusbruna;växlande molnighet, vind 1 m/s, 0 grader;skare;;;;;;;;;;;
zz061;RS7;7 007 756 365 256;1023 m;2018-05-02 08:44;RS;;;;B;1;2;ljus;växlande molnighet, vind 1 m/s, 0 grader;skare;;;;;;;;;;;
zz061;F1;7 007 701 365 129;1013 m;2018-05-02 08:48;F;79;26;SE;B;;1;;växlande molnighet, vind 1 m/s, 0 grader;skare;;;;;;;;;;;
zz061;F1;7 007 701 365 129;1013 m;2018-05-02 08:48;F;192;97;H;;;1;;växlande molnighet, vind 1 m/s, 0 grader;skare;;;;;;;;;;;
zz061;F1;7 007 701 365 129;1013 m;2018-05-02 08:48;D;421;342;H;;;1;;växlande molnighet, vind 1 m/s, 0 grader;skare;;;;;;;;;;;
zz061;F2;7 007 599 364 865;992 m;2018-05-02 08:56;F;57;90;SE;BS;;2;;växlande molnighet, vind 1 m/s, 0 grader;skare;;;;;;;;;;;
zz061;D1;7 007 353 364 176;912 m;2018-05-02 09:06;D;371;302;H;;;1;;växlande molnighet, vind 1 m/s, 0 grader;skare;;;;;;;;;;;
zz061;RS8;7 007 224 363 897;877 m;2018-05-02 09:12;RS;;;;;1;6;ljusa stora, stora fibrer;växlande molnighet, vind 1 m/s, 0 grader;skare;;;;;;;;;;;
zz061;D2;7 006 864 363 345;863 m;2018-05-02 09:36;D;143;265;H;;;1;;växlande molnighet, vind 1 m/s, 0 grader;skare;;;;;;;;;;;
zz061;RS9;7 006 855 363 327;862 m;2018-05-02 09:39;RS;;;;S;1;20;mörka, grova fibrer;växlande molnighet, vind 1 m/s, 0 grader;skare;;;;;;;;;;;
zz061;SP1;7 006 741 363 193;841 m;2018-05-02 09:45;SP;;;;S;;1;Ett tydligt spår + 7 otydliga, massor med otydliga spår sista 1 km på sträckan (antagligen ripa);växlande molnighet, vind 1 m/s, 0 grader;skare;;;;;;;;;;;
zz061;SP2;7 006 705 363 181;840 m;2018-05-02 09:48;SP;;;;S;;1;;växlande molnighet, vind 1 m/s, 0 grader;skare;;;;;;;;;;;
zz061;SP3;7 006 635 363 106;841 m;2018-05-02 09:51;SP;;;;S;;3;;växlande molnighet, vind 1 m/s, 0 grader;skare;;;;;;;;;;;
zz061;CORNER1;7 006 632 363 092;841 m;2018-05-02 09:54;CORNER;;;;;;;;växlande molnighet, vind 1 m/s, 0 grader;skare;;;;;;;;;;;
zz061;CORNER1;7 006 632 363 092;841 m;2018-05-02 09:54;D;277;56;HSE;B;;1;;växlande molnighet, vind 1 m/s, 0 grader;skare;;;;;;;;;;;
zz061;RS10;7 006 656 363 084;838 m;2018-05-02 10:12;RS;;;;B;1;30;bruna stora, grova fibrer;växlande molnighet, vind 1 m/s, 0 grader;skare;;;;;;;;;;;
zz061;SP4;7 006 704 363 076;838 m;2018-05-02 10:22;SP;;;;S;;8;samt fler otydliga spår;växlande molnighet, vind 1 m/s, 0 grader;skare;;;;;;;;;;;
zz061;SP6;7 006 759 363 054;846 m;2018-05-02 10:27;SP;;;;S;;3;samt fler otydliga spår;växlande molnighet, vind 1 m/s, 0 grader;skare;;;;;;;;;;;
zz061;SP7;7 006 796 363 052;850 m;2018-05-02 10:29;SP;;;;S;;4;samt fler otydliga spår;växlande molnighet, vind 1 m/s, 0 grader;skare;;;;;;;;;;;
zz061;SP8;7 006 864 363 034;859 m;2018-05-02 10:33;SP;;;;S;;1;samt fler otydliga spår;växlande molnighet, vind 1 m/s, 0 grader;skare;;;;;;;;;;;
zz061;RS11;7 006 882 363 032;865 m;2018-05-02 10:34;RS;;;;S;1;4;stora färska;växlande molnighet, vind 1 m/s, 0 grader;skare;;;;;;;;;;;
zz061;RS12;7 007 268 362 982;914 m;2018-05-02 10:46;RS;;;;BS;1;20;7 ljusbruna, 13 ljusa, några oformliga;växlande molnighet, vind 1 m/s, 0 grader;skare;;;;;;;;;;;
zz061;RS13;7 007 286 362 985;919 m;2018-05-02 10:49;RS;;;;B;1;13;ljus;växlande molnighet, vind 1 m/s, 0 grader;skare;;;;;;;;;;;
zz061;RS14;7 007 299 362 986;920 m;2018-05-02 10:51;RS;;;;B;1;10;ljusa oformliga;växlande molnighet, vind 1 m/s, 0 grader;skare;;;;;;;;;;;
zz061;RS15;7 007 413 362 958;929 m;2018-05-02 10:56;RS;;;;BS;1;1;ljusbruna;växlande molnighet, vind 1 m/s, 0 grader;skare;;;;;;;;;;;
zz061;F3;7 009 681 362 779;1000 m;2018-05-02 11:52;F;41;282;HSE;B;;2;;växlande molnighet, vind 1 m/s, 0 grader;skare;;;;;;;;;;;
zz061;F3;7 009 681 362 779;1000 m;2018-05-02 11:52;F;136;135;H;;;1;;växlande molnighet, vind 1 m/s, 0 grader;skare;;;;;;;;;;;
zz061;CORNER2;7 010 638 362 876;942 m;2018-05-02 12:04;CORNER;;;;;;;;växlande molnighet, vind 1 m/s, 0 grader;skare;;;;;;;;;;;
zz061;F4;7 010 614 362 913;942 m;2018-05-02 12:32;F;18;318;SE;BS;;1;;växlande molnighet, vind 1 m/s, 0 grader;skare;;;;;;;;;;;
zz061;RS16;7 010 584 362 972;950 m;2018-05-02 12:35;RS;;;;B;1;1;ljus;vind 3-4 m/s;skare;;;;;;;;;;;
zz061;FJALLVRAK;7 009 698 364 284;1120 m;2018-05-02 14:23;FJALLVRAK;;;;;;;;vind 3-4 m/s;skare;;;;;;;;;;;
zz061;RS17;7 009 212 365 539;1101 m;2018-05-02 14:50;RS;;;;B;1;5;2 mörkbruna mjuka, 3 ljusa;vind 3-4 m/s;skare;;;;;;;;;;;
zz061;RS18;7 009 208 365 577;1109 m;2018-05-02 14:53;RS;;;;B;1;2;mörkbrun;vind 3-4 m/s;skare;;;;;;;;;;;
zz061;RS19;7 009 208 365 588;1111 m;2018-05-02 14:55;RS;;;;B;1;40;ljusa, väldigt spridda;vind 3-4 m/s;skare;;;;;;;;;;;
zz061;RS20;7 009 199 365 638;1123 m;2018-05-02 14:58;RS;;;;B;1;20;ljusbruna, väldigt spridda;vind 3-4 m/s;skare;;;;;;;;;;;
zz061;RS21;7 009 186 365 662;1128 m;2018-05-02 15:01;RS;;;;B;1;20;ljusbruna och ljusa, väldigt spridda;vind 3-4 m/s;skare;;;;;;;;;;;
zz061;RS21;7 009 186 365 662;1128 m;2018-05-02 15:01;F;123;120;H;;;1;;vind 3-4 m/s;skare;;;;;;;;;;;
zz061;RS21;7 009 186 365 662;1128 m;2018-05-02 15:01;F;145;132;H;;;1;;vind 3-4 m/s;skare;;;;;;;;;;;
zz061;RS22;7 008 631 366 281;1076 m;2018-05-02 15:23;RS;;;;B;1;1;ljus;vind 3-4 m/s;skare;;;;;;;;;;;
zz061;NYRIKT;7 008 623 366 228;1086 m;2018-05-02 15:20;NYRIKT;;;;;;;;;;;;;;;;;;;;
zz061;NYRIKT;7 009 183 365 670;;2018-05-02 15:22;NYRIKT;;;;;;;;;;;;;;;;;;;;